{
  "adatok": [
    {
      "modellszam": "BK4816",
      "meret": "47",
      "szin": "piros",
      "evszak": "nyar",
      "gyartasDatuma": "2022.09.15"
    },
    {
      "modellszam": "RX7304",
      "meret": "30",
      "szin": "fekete",
      "evszak": "tel",
      "gyartasDatuma": "2020.07.10"
    },
    {
      "modellszam": "KY3836",
      "meret": "31",
      "szin": "kek",
      "evszak": "osz-tavasz",
      "gyartasDatuma": "2023.01.11"
    },
    {
      "modellszam": "DL5539",
      "meret": "34",
      "szin": "feher",
      "evszak": "nyar",
      "gyartasDatuma": "2021.03.17"
    },
    {
      "modellszam": "AP1666",
      "meret": "27",
      "szin": "fekete",
      "evszak": "tel",
      "gyartasDatuma": "2023.08.01"
    },
    {
      "modellszam": "RX1477",
      "meret": "32",
      "szin": "arany",
      "evszak": "osz-tavasz",
      "gyartasDatuma": "2020.11.24"
    },
    {
      "modellszam": "AT7550",
      "meret": "27",
      "szin": "fekete",
      "evszak": "osz-tavasz",
      "gyartasDatuma": "2022.07.29"
    },
    {
      "modellszam": "VX3058",
      "meret": "34",
      "szin": "kek",
      "evszak": "tel",
      "gyartasDatuma": "2023.05.17"
    },{
      "modellszam": "EF1619",
      "meret": "49",
      "szin": "fekete",
      "evszak": "osz-tavasz",
      "gyartasDatuma": "2023.03.07"
    },
    {
      "modellszam": "CF5648",
      "meret": "28",
      "szin": "turkiz",
      "evszak": "osz-tavasz",
      "gyartasDatuma": "2022.01.27"
    },{
      "modellszam": "RX1477",
      "meret": "43",
      "szin": "piros",
      "evszak": "tel",
      "gyartasDatuma": "2023.05.12"
    },
    {
      "modellszam": "KY6299",
      "meret": "39",
      "szin": "arany",
      "evszak": "osz-tavasz",
      "gyartasDatuma": "2021.06.21"
    },{
      "modellszam": "DL5539",
      "meret": "37",
      "szin": "piros",
      "evszak": "osz-tavasz",
      "gyartasDatuma": "2023.08.03"
    },
    {
      "modellszam": "RX9184",
      "meret": "30",
      "szin": "feher",
      "evszak": "nyar",
      "gyartasDatuma": "2021.04.08"
    },
    {
      "modellszam": "RX1477",
      "meret": "47",
      "szin": "piros",
      "evszak": "tel",
      "gyartasDatuma": "2020.05.27"
    }
  ]
}